{
  "classification": {
    "accuracy": 0.8709677419354839
  },
  "regression": {
    "r2": 0.9349510453169828,
    "rmse": 0.3132639439308744,
    "mae": 0.0829859598354075
  }
}